﻿{
  "authEndPoint":"http://localhost:8080/questionari-commissari/",
  "application_id": "31",
  "dataEndPoint": "http://localhost:8080/questionari-commissari/",
  "registrationRedirect": "http://servizi.anticorruzione.it/",
  "lineaGuidaUrl": "http://www.anticorruzione.it/portal/rest/jcr/repository/collaboration/Digital%20Assets/anacdocs/Attivita/Atti/determinazioni/2016/1190/del.1190.2016.Det.lg.5.al.pdf",
  "tipoQuestionario": 1000,
  "toolbarTitle": "Applicazione",
  "copyrightString": "@copyright 2018"
}